0000.png,1
0001.png,1
0002.png,1
0003.png,1
0004.png,1
0005.png,1
0006.png,1
0007.png,1
0008.png,1
0009.png,1
0010.png,1
0011.png,1
0012.png,1
0013.png,1
0014.png,1
0015.png,1
0016.png,1
0017.png,1
0018.png,1
0019.png,1
0020.png,1
0021.png,1
0022.png,1
0023.png,1
0024.png,1
0025.png,1
0026.png,1
0027.png,1
0028.png,1
0029.png,1
0030.png,1
0031.png,1
0032.png,1
0033.png,1
0034.png,1
0035.png,1
0036.png,1
0037.png,1
0038.png,1
0039.png,1
0040.png,1
0041.png,1
0042.png,1
0043.png,1
0044.png,1
0045.png,1
0046.png,1
0047.png,1
0048.png,1
0049.png,1
0050.png,1
0051.png,1
0052.png,1
0053.png,1
0054.png,1
0055.png,1
0056.png,1
0057.png,1
0058.png,1
0059.png,1
0060.png,1
0061.png,1
0062.png,1
0063.png,1
0064.png,1
0065.png,1
0066.png,1
0067.png,1
0068.png,1
0069.png,1
0070.png,1
0071.png,1
0072.png,1
0073.png,1
0074.png,1
0075.png,1
0076.png,1
0077.png,1
0078.png,1
0079.png,1
0080.png,1
0081.png,1
0082.png,1
0083.png,1
0084.png,1
0085.png,1
0086.png,1
0087.png,1
0088.png,1
0089.png,1
0090.png,1
0091.png,1
0092.png,1
0093.png,1
0094.png,1
0095.png,1
0096.png,1
0097.png,1
0098.png,1
0099.png,1
0100.png,1
0101.png,1
0102.png,1
0103.png,1
0104.png,1
0105.png,1
0106.png,1
0107.png,1
0108.png,1
0109.png,1
0110.png,1
0111.png,1
0112.png,1
0113.png,1
0114.png,1
0115.png,1
0116.png,1
0117.png,1
0118.png,1
0119.png,1
0120.png,1
0121.png,1
0122.png,1
0123.png,1
0124.png,1
0125.png,1
0126.png,1
0127.png,1
0128.png,1
0129.png,1
0130.png,1
0131.png,1
0132.png,1
0133.png,1
0134.png,1
0135.png,1
0136.png,1
0137.png,1
0138.png,1
0139.png,1
0140.png,1
0141.png,1
0142.png,1
0143.png,1
0144.png,1
0145.png,1
0146.png,1
0147.png,1
0148.png,1
0149.png,1
0150.png,1
0151.png,1
0152.png,1
0153.png,1
0154.png,1
0155.png,1
0156.png,1
0157.png,1
0158.png,1
0159.png,1
0160.png,1
0161.png,1
0162.png,1
0163.png,1
0164.png,1
0165.png,1
0166.png,1
0167.png,1
0168.png,1
0169.png,1
0170.png,1
0171.png,1
0172.png,1
0173.png,1
0174.png,1
0175.png,1
0176.png,1
0177.png,1
0178.png,1
0179.png,1
0180.png,1
0181.png,1
0182.png,1
0183.png,1
0184.png,1
0185.png,1
0000.png,10
0001.png,10
0002.png,10
0003.png,10
0004.png,10
0005.png,10
0006.png,10
0007.png,10
0008.png,10
0009.png,10
0010.png,10
0011.png,10
0012.png,10
0013.png,10
0014.png,10
0015.png,10
0016.png,10
0017.png,10
0018.png,10
0019.png,10
0020.png,10
0021.png,10
0022.png,10
0023.png,10
0024.png,10
0025.png,10
0026.png,10
0027.png,10
0028.png,10
0029.png,10
0030.png,10
0031.png,10
0032.png,10
0033.png,10
0034.png,10
0035.png,10
0036.png,10
0037.png,10
0038.png,10
0039.png,10
0040.png,10
0041.png,10
0042.png,10
0043.png,10
0044.png,10
0045.png,10
0046.png,10
0047.png,10
0048.png,10
0049.png,10
0050.png,10
0051.png,10
0052.png,10
0053.png,10
0054.png,10
0055.png,10
0056.png,10
0057.png,10
0058.png,10
0059.png,10
0060.png,10
0061.png,10
0062.png,10
0063.png,10
0064.png,10
0065.png,10
0066.png,10
0067.png,10
0068.png,10
0069.png,10
0070.png,10
0071.png,10
0072.png,10
0073.png,10
0074.png,10
0075.png,10
0076.png,10
0077.png,10
0078.png,10
0079.png,10
0080.png,10
0081.png,10
0082.png,10
0083.png,10
0084.png,10
0085.png,10
0086.png,10
0087.png,10
0088.png,10
0089.png,10
0090.png,10
0091.png,10
0092.png,10
0093.png,10
0094.png,10
0095.png,10
0096.png,10
0097.png,10
0098.png,10
0099.png,10
0100.png,10
0101.png,10
0102.png,10
0103.png,10
0104.png,10
0105.png,10
0106.png,10
0107.png,10
0108.png,10
0109.png,10
0110.png,10
0111.png,10
0112.png,10
0113.png,10
0114.png,10
0115.png,10
0116.png,10
0117.png,10
0118.png,10
0119.png,10
0120.png,10
0121.png,10
0122.png,10
0123.png,10
0124.png,10
0125.png,10
0126.png,10
0127.png,10
0128.png,10
0129.png,10
0130.png,10
0131.png,10
0132.png,10
0133.png,10
0134.png,10
0135.png,10
0136.png,10
0137.png,10
0138.png,10
0139.png,10
0140.png,10
0141.png,10
0142.png,10
0143.png,10
0144.png,10
0145.png,10
0146.png,10
0147.png,10
0148.png,10
0149.png,10
0150.png,10
0151.png,10
0152.png,10
0153.png,10
0154.png,10
0155.png,10
0156.png,10
0157.png,10
0158.png,10
0159.png,10
0160.png,10
0161.png,10
0162.png,10
0163.png,10
0164.png,10
0165.png,10
0166.png,10
0167.png,10
0168.png,10
0169.png,10
0170.png,10
0171.png,10
0172.png,10
0173.png,10
0174.png,10
0175.png,10
0176.png,10
0177.png,10
0178.png,10
0179.png,10
0180.png,10
0181.png,10
0182.png,10
0183.png,10
0184.png,10
0185.png,10
0186.png,10
0187.png,10
0188.png,10
0189.png,10
0190.png,10
0191.png,10
0192.png,10
0193.png,10
0194.png,10
0195.png,10
0196.png,10
0197.png,10
0198.png,10
0199.png,10
0200.png,10
0201.png,10
0202.png,10
0203.png,10
0204.png,10
0205.png,10
0206.png,10
0207.png,10
0208.png,10
0209.png,10
0210.png,10
0211.png,10
0212.png,10
0213.png,10
0000.png,11
0001.png,11
0002.png,11
0003.png,11
0004.png,11
0005.png,11
0006.png,11
0007.png,11
0008.png,11
0009.png,11
0010.png,11
0011.png,11
0012.png,11
0013.png,11
0014.png,11
0015.png,11
0016.png,11
0017.png,11
0018.png,11
0019.png,11
0020.png,11
0021.png,11
0022.png,11
0023.png,11
0024.png,11
0025.png,11
0026.png,11
0027.png,11
0028.png,11
0029.png,11
0030.png,11
0031.png,11
0032.png,11
0033.png,11
0034.png,11
0035.png,11
0036.png,11
0037.png,11
0038.png,11
0039.png,11
0040.png,11
0041.png,11
0042.png,11
0043.png,11
0044.png,11
0045.png,11
0046.png,11
0047.png,11
0048.png,11
0049.png,11
0050.png,11
0051.png,11
0052.png,11
0053.png,11
0054.png,11
0055.png,11
0056.png,11
0057.png,11
0058.png,11
0059.png,11
0060.png,11
0061.png,11
0062.png,11
0063.png,11
0064.png,11
0065.png,11
0066.png,11
0067.png,11
0068.png,11
0069.png,11
0070.png,11
0071.png,11
0072.png,11
0073.png,11
0074.png,11
0075.png,11
0076.png,11
0077.png,11
0078.png,11
0079.png,11
0080.png,11
0081.png,11
0082.png,11
0083.png,11
0084.png,11
0085.png,11
0086.png,11
0087.png,11
0088.png,11
0089.png,11
0090.png,11
0091.png,11
0092.png,11
0093.png,11
0094.png,11
0095.png,11
0096.png,11
0097.png,11
0098.png,11
0099.png,11
0100.png,11
0101.png,11
0102.png,11
0103.png,11
0104.png,11
0105.png,11
0106.png,11
0107.png,11
0108.png,11
0109.png,11
0110.png,11
0111.png,11
0112.png,11
0113.png,11
0114.png,11
0115.png,11
0116.png,11
0117.png,11
0118.png,11
0119.png,11
0120.png,11
0121.png,11
0122.png,11
0123.png,11
0124.png,11
0125.png,11
0126.png,11
0127.png,11
0128.png,11
0129.png,11
0130.png,11
0131.png,11
0132.png,11
0133.png,11
0134.png,11
0135.png,11
0136.png,11
0137.png,11
0138.png,11
0139.png,11
0140.png,11
0141.png,11
0142.png,11
0143.png,11
0144.png,11
0145.png,11
0146.png,11
0147.png,11
0148.png,11
0149.png,11
0150.png,11
0151.png,11
0152.png,11
0153.png,11
0154.png,11
0155.png,11
0156.png,11
0157.png,11
0158.png,11
0159.png,11
0160.png,11
0161.png,11
0162.png,11
0163.png,11
0164.png,11
0165.png,11
0166.png,11
0167.png,11
0168.png,11
0169.png,11
0170.png,11
0171.png,11
0172.png,11
0173.png,11
0174.png,11
0175.png,11
0176.png,11
0177.png,11
0178.png,11
0179.png,11
0180.png,11
0181.png,11
0182.png,11
0183.png,11
0184.png,11
0185.png,11
0186.png,11
0187.png,11
0188.png,11
0189.png,11
0190.png,11
0191.png,11
0192.png,11
0000.png,12
0001.png,12
0002.png,12
0003.png,12
0004.png,12
0005.png,12
0006.png,12
0007.png,12
0008.png,12
0009.png,12
0010.png,12
0011.png,12
0012.png,12
0013.png,12
0014.png,12
0015.png,12
0016.png,12
0017.png,12
0018.png,12
0019.png,12
0020.png,12
0021.png,12
0022.png,12
0023.png,12
0024.png,12
0025.png,12
0026.png,12
0027.png,12
0028.png,12
0029.png,12
0030.png,12
0031.png,12
0032.png,12
0033.png,12
0034.png,12
0035.png,12
0036.png,12
0037.png,12
0038.png,12
0039.png,12
0040.png,12
0041.png,12
0042.png,12
0043.png,12
0044.png,12
0045.png,12
0046.png,12
0047.png,12
0048.png,12
0049.png,12
0050.png,12
0051.png,12
0052.png,12
0053.png,12
0054.png,12
0055.png,12
0056.png,12
0057.png,12
0058.png,12
0059.png,12
0060.png,12
0061.png,12
0062.png,12
0063.png,12
0064.png,12
0065.png,12
0066.png,12
0067.png,12
0068.png,12
0069.png,12
0070.png,12
0071.png,12
0072.png,12
0073.png,12
0074.png,12
0075.png,12
0076.png,12
0077.png,12
0078.png,12
0079.png,12
0080.png,12
0081.png,12
0082.png,12
0083.png,12
0084.png,12
0085.png,12
0086.png,12
0087.png,12
0088.png,12
0089.png,12
0090.png,12
0091.png,12
0092.png,12
0093.png,12
0094.png,12
0095.png,12
0096.png,12
0097.png,12
0098.png,12
0099.png,12
0100.png,12
0101.png,12
0102.png,12
0103.png,12
0104.png,12
0105.png,12
0106.png,12
0107.png,12
0108.png,12
0109.png,12
0110.png,12
0111.png,12
0112.png,12
0113.png,12
0114.png,12
0115.png,12
0116.png,12
0117.png,12
0118.png,12
0119.png,12
0120.png,12
0121.png,12
0122.png,12
0123.png,12
0124.png,12
0125.png,12
0126.png,12
0127.png,12
0128.png,12
0129.png,12
0130.png,12
0131.png,12
0132.png,12
0133.png,12
0134.png,12
0135.png,12
0136.png,12
0137.png,12
0138.png,12
0139.png,12
0140.png,12
0141.png,12
0142.png,12
0143.png,12
0144.png,12
0145.png,12
0146.png,12
0147.png,12
0148.png,12
0149.png,12
0150.png,12
0151.png,12
0152.png,12
0153.png,12
0154.png,12
0155.png,12
0156.png,12
0157.png,12
0158.png,12
0159.png,12
0160.png,12
0161.png,12
0162.png,12
0163.png,12
0164.png,12
0165.png,12
0166.png,12
0167.png,12
0168.png,12
0169.png,12
0170.png,12
0171.png,12
0172.png,12
0173.png,12
0174.png,12
0175.png,12
0176.png,12
0177.png,12
0178.png,12
0179.png,12
0180.png,12
0181.png,12
0182.png,12
0183.png,12
0184.png,12
0185.png,12
0186.png,12
0187.png,12
0188.png,12
0189.png,12
0190.png,12
0191.png,12
0192.png,12
0193.png,12
0194.png,12
0195.png,12
0196.png,12
0197.png,12
0198.png,12
0199.png,12
0200.png,12
0201.png,12
0202.png,12
0203.png,12
0204.png,12
0205.png,12
0206.png,12
0207.png,12
0208.png,12
0209.png,12
0210.png,12
0211.png,12
0212.png,12
0213.png,12
0000.png,13
0001.png,13
0002.png,13
0003.png,13
0004.png,13
0005.png,13
0006.png,13
0007.png,13
0008.png,13
0009.png,13
0010.png,13
0011.png,13
0012.png,13
0013.png,13
0014.png,13
0015.png,13
0016.png,13
0017.png,13
0018.png,13
0019.png,13
0020.png,13
0021.png,13
0022.png,13
0023.png,13
0024.png,13
0025.png,13
0026.png,13
0027.png,13
0028.png,13
0029.png,13
0030.png,13
0031.png,13
0032.png,13
0033.png,13
0034.png,13
0035.png,13
0036.png,13
0037.png,13
0038.png,13
0039.png,13
0040.png,13
0041.png,13
0042.png,13
0043.png,13
0044.png,13
0045.png,13
0046.png,13
0047.png,13
0048.png,13
0049.png,13
0050.png,13
0051.png,13
0052.png,13
0053.png,13
0054.png,13
0055.png,13
0056.png,13
0057.png,13
0058.png,13
0059.png,13
0060.png,13
0061.png,13
0062.png,13
0063.png,13
0064.png,13
0065.png,13
0066.png,13
0067.png,13
0068.png,13
0069.png,13
0070.png,13
0071.png,13
0072.png,13
0073.png,13
0074.png,13
0075.png,13
0076.png,13
0077.png,13
0078.png,13
0079.png,13
0080.png,13
0081.png,13
0082.png,13
0083.png,13
0084.png,13
0085.png,13
0086.png,13
0087.png,13
0088.png,13
0089.png,13
0090.png,13
0091.png,13
0092.png,13
0093.png,13
0094.png,13
0095.png,13
0096.png,13
0097.png,13
0098.png,13
0099.png,13
0100.png,13
0101.png,13
0102.png,13
0103.png,13
0104.png,13
0105.png,13
0106.png,13
0107.png,13
0108.png,13
0109.png,13
0110.png,13
0111.png,13
0112.png,13
0113.png,13
0114.png,13
0115.png,13
0116.png,13
0117.png,13
0118.png,13
0119.png,13
0120.png,13
0121.png,13
0122.png,13
0123.png,13
0124.png,13
0125.png,13
0126.png,13
0127.png,13
0128.png,13
0129.png,13
0130.png,13
0131.png,13
0132.png,13
0133.png,13
0134.png,13
0135.png,13
0136.png,13
0137.png,13
0138.png,13
0139.png,13
0140.png,13
0141.png,13
0142.png,13
0143.png,13
0144.png,13
0145.png,13
0146.png,13
0147.png,13
0148.png,13
0149.png,13
0150.png,13
0151.png,13
0152.png,13
0153.png,13
0154.png,13
0155.png,13
0156.png,13
0157.png,13
0158.png,13
0159.png,13
0160.png,13
0161.png,13
0162.png,13
0163.png,13
0164.png,13
0165.png,13
0166.png,13
0167.png,13
0168.png,13
0169.png,13
0170.png,13
0171.png,13
0172.png,13
0173.png,13
0174.png,13
0175.png,13
0176.png,13
0177.png,13
0178.png,13
0179.png,13
0180.png,13
0181.png,13
0182.png,13
0183.png,13
0184.png,13
0185.png,13
0186.png,13
0187.png,13
0188.png,13
0189.png,13
0190.png,13
0000.png,14
0001.png,14
0002.png,14
0003.png,14
0004.png,14
0005.png,14
0006.png,14
0007.png,14
0008.png,14
0009.png,14
0010.png,14
0011.png,14
0012.png,14
0013.png,14
0014.png,14
0015.png,14
0016.png,14
0017.png,14
0018.png,14
0019.png,14
0020.png,14
0021.png,14
0022.png,14
0023.png,14
0024.png,14
0025.png,14
0026.png,14
0027.png,14
0028.png,14
0029.png,14
0030.png,14
0031.png,14
0032.png,14
0033.png,14
0034.png,14
0035.png,14
0036.png,14
0037.png,14
0038.png,14
0039.png,14
0040.png,14
0041.png,14
0042.png,14
0043.png,14
0044.png,14
0045.png,14
0046.png,14
0047.png,14
0048.png,14
0049.png,14
0050.png,14
0051.png,14
0052.png,14
0053.png,14
0054.png,14
0055.png,14
0056.png,14
0057.png,14
0058.png,14
0059.png,14
0060.png,14
0061.png,14
0062.png,14
0063.png,14
0064.png,14
0065.png,14
0066.png,14
0067.png,14
0068.png,14
0069.png,14
0070.png,14
0071.png,14
0072.png,14
0073.png,14
0074.png,14
0075.png,14
0076.png,14
0077.png,14
0078.png,14
0079.png,14
0080.png,14
0081.png,14
0082.png,14
0083.png,14
0084.png,14
0085.png,14
0086.png,14
0087.png,14
0088.png,14
0089.png,14
0090.png,14
0091.png,14
0092.png,14
0093.png,14
0094.png,14
0095.png,14
0096.png,14
0097.png,14
0098.png,14
0099.png,14
0100.png,14
0101.png,14
0102.png,14
0103.png,14
0104.png,14
0105.png,14
0106.png,14
0107.png,14
0108.png,14
0109.png,14
0110.png,14
0111.png,14
0112.png,14
0113.png,14
0114.png,14
0115.png,14
0116.png,14
0117.png,14
0118.png,14
0119.png,14
0120.png,14
0121.png,14
0122.png,14
0123.png,14
0124.png,14
0125.png,14
0126.png,14
0127.png,14
0128.png,14
0129.png,14
0130.png,14
0131.png,14
0132.png,14
0133.png,14
0134.png,14
0135.png,14
0136.png,14
0137.png,14
0138.png,14
0139.png,14
0140.png,14
0141.png,14
0142.png,14
0143.png,14
0144.png,14
0145.png,14
0146.png,14
0147.png,14
0148.png,14
0149.png,14
0150.png,14
0151.png,14
0152.png,14
0153.png,14
0154.png,14
0155.png,14
0156.png,14
0157.png,14
0158.png,14
0159.png,14
0160.png,14
0161.png,14
0162.png,14
0163.png,14
0164.png,14
0165.png,14
0166.png,14
0167.png,14
0168.png,14
0169.png,14
0170.png,14
0171.png,14
0172.png,14
0173.png,14
0174.png,14
0175.png,14
0176.png,14
0177.png,14
0178.png,14
0179.png,14
0180.png,14
0181.png,14
0182.png,14
0183.png,14
0184.png,14
0185.png,14
0186.png,14
0187.png,14
0188.png,14
0189.png,14
0190.png,14
0191.png,14
0192.png,14
0193.png,14
0194.png,14
0195.png,14
0196.png,14
0197.png,14
0198.png,14
0199.png,14
0200.png,14
0000.png,15
0001.png,15
0002.png,15
0003.png,15
0004.png,15
0005.png,15
0006.png,15
0007.png,15
0008.png,15
0009.png,15
0010.png,15
0011.png,15
0012.png,15
0013.png,15
0014.png,15
0015.png,15
0016.png,15
0017.png,15
0018.png,15
0019.png,15
0020.png,15
0021.png,15
0022.png,15
0023.png,15
0024.png,15
0025.png,15
0026.png,15
0027.png,15
0028.png,15
0029.png,15
0030.png,15
0031.png,15
0032.png,15
0033.png,15
0034.png,15
0035.png,15
0036.png,15
0037.png,15
0038.png,15
0039.png,15
0040.png,15
0041.png,15
0042.png,15
0043.png,15
0044.png,15
0045.png,15
0046.png,15
0047.png,15
0048.png,15
0049.png,15
0050.png,15
0051.png,15
0052.png,15
0053.png,15
0054.png,15
0055.png,15
0056.png,15
0057.png,15
0058.png,15
0059.png,15
0060.png,15
0061.png,15
0062.png,15
0063.png,15
0064.png,15
0065.png,15
0066.png,15
0067.png,15
0068.png,15
0069.png,15
0070.png,15
0071.png,15
0072.png,15
0073.png,15
0074.png,15
0075.png,15
0076.png,15
0077.png,15
0078.png,15
0079.png,15
0080.png,15
0081.png,15
0082.png,15
0083.png,15
0084.png,15
0085.png,15
0086.png,15
0087.png,15
0088.png,15
0089.png,15
0090.png,15
0091.png,15
0092.png,15
0093.png,15
0094.png,15
0095.png,15
0096.png,15
0097.png,15
0098.png,15
0099.png,15
0100.png,15
0101.png,15
0102.png,15
0103.png,15
0104.png,15
0105.png,15
0106.png,15
0107.png,15
0108.png,15
0109.png,15
0110.png,15
0111.png,15
0112.png,15
0113.png,15
0114.png,15
0115.png,15
0116.png,15
0117.png,15
0118.png,15
0119.png,15
0120.png,15
0121.png,15
0122.png,15
0123.png,15
0124.png,15
0125.png,15
0126.png,15
0127.png,15
0128.png,15
0129.png,15
0130.png,15
0131.png,15
0132.png,15
0133.png,15
0134.png,15
0135.png,15
0136.png,15
0137.png,15
0138.png,15
0139.png,15
0140.png,15
0141.png,15
0142.png,15
0143.png,15
0144.png,15
0145.png,15
0146.png,15
0147.png,15
0148.png,15
0149.png,15
0150.png,15
0151.png,15
0152.png,15
0153.png,15
0154.png,15
0155.png,15
0156.png,15
0157.png,15
0158.png,15
0159.png,15
0160.png,15
0161.png,15
0162.png,15
0163.png,15
0164.png,15
0165.png,15
0166.png,15
0167.png,15
0168.png,15
0169.png,15
0170.png,15
0171.png,15
0172.png,15
0173.png,15
0174.png,15
0175.png,15
0176.png,15
0177.png,15
0178.png,15
0179.png,15
0180.png,15
0181.png,15
0182.png,15
0183.png,15
0184.png,15
0185.png,15
0186.png,15
0187.png,15
0188.png,15
0189.png,15
0190.png,15
0191.png,15
0192.png,15
0193.png,15
0194.png,15
0195.png,15
0196.png,15
0197.png,15
0198.png,15
0199.png,15
0200.png,15
0201.png,15
0202.png,15
0203.png,15
0204.png,15
0205.png,15
0206.png,15
0207.png,15
0208.png,15
0209.png,15
0210.png,15
0211.png,15
0212.png,15
0213.png,15
0214.png,15
0215.png,15
0216.png,15
0217.png,15
0218.png,15
0219.png,15
0220.png,15
0221.png,15
0000.png,16
0001.png,16
0002.png,16
0003.png,16
0004.png,16
0005.png,16
0006.png,16
0007.png,16
0008.png,16
0009.png,16
0010.png,16
0011.png,16
0012.png,16
0013.png,16
0014.png,16
0015.png,16
0016.png,16
0017.png,16
0018.png,16
0019.png,16
0020.png,16
0021.png,16
0022.png,16
0023.png,16
0024.png,16
0025.png,16
0026.png,16
0027.png,16
0028.png,16
0029.png,16
0030.png,16
0031.png,16
0032.png,16
0033.png,16
0034.png,16
0035.png,16
0036.png,16
0037.png,16
0038.png,16
0039.png,16
0040.png,16
0041.png,16
0042.png,16
0043.png,16
0044.png,16
0045.png,16
0046.png,16
0047.png,16
0048.png,16
0049.png,16
0050.png,16
0051.png,16
0052.png,16
0053.png,16
0054.png,16
0055.png,16
0056.png,16
0057.png,16
0058.png,16
0059.png,16
0060.png,16
0061.png,16
0062.png,16
0063.png,16
0064.png,16
0065.png,16
0066.png,16
0067.png,16
0068.png,16
0069.png,16
0070.png,16
0071.png,16
0072.png,16
0073.png,16
0074.png,16
0075.png,16
0076.png,16
0077.png,16
0078.png,16
0079.png,16
0080.png,16
0081.png,16
0082.png,16
0083.png,16
0084.png,16
0085.png,16
0086.png,16
0087.png,16
0088.png,16
0089.png,16
0090.png,16
0091.png,16
0092.png,16
0093.png,16
0094.png,16
0095.png,16
0096.png,16
0097.png,16
0098.png,16
0099.png,16
0100.png,16
0101.png,16
0102.png,16
0103.png,16
0104.png,16
0105.png,16
0106.png,16
0107.png,16
0108.png,16
0109.png,16
0110.png,16
0111.png,16
0112.png,16
0113.png,16
0114.png,16
0115.png,16
0116.png,16
0117.png,16
0118.png,16
0119.png,16
0120.png,16
0121.png,16
0122.png,16
0123.png,16
0124.png,16
0125.png,16
0126.png,16
0127.png,16
0128.png,16
0129.png,16
0130.png,16
0131.png,16
0132.png,16
0133.png,16
0134.png,16
0135.png,16
0136.png,16
0137.png,16
0138.png,16
0139.png,16
0140.png,16
0141.png,16
0142.png,16
0143.png,16
0144.png,16
0145.png,16
0146.png,16
0147.png,16
0148.png,16
0149.png,16
0150.png,16
0151.png,16
0152.png,16
0153.png,16
0154.png,16
0155.png,16
0156.png,16
0157.png,16
0158.png,16
0159.png,16
0160.png,16
0161.png,16
0162.png,16
0163.png,16
0164.png,16
0165.png,16
0166.png,16
0167.png,16
0168.png,16
0169.png,16
0170.png,16
0171.png,16
0172.png,16
0173.png,16
0174.png,16
0175.png,16
0176.png,16
0177.png,16
0178.png,16
0179.png,16
0180.png,16
0181.png,16
0182.png,16
0183.png,16
0184.png,16
0185.png,16
0186.png,16
0187.png,16
0188.png,16
0189.png,16
0190.png,16
0000.png,17
0001.png,17
0002.png,17
0003.png,17
0004.png,17
0005.png,17
0006.png,17
0007.png,17
0008.png,17
0009.png,17
0010.png,17
0011.png,17
0012.png,17
0013.png,17
0014.png,17
0015.png,17
0016.png,17
0017.png,17
0018.png,17
0019.png,17
0020.png,17
0021.png,17
0022.png,17
0023.png,17
0024.png,17
0025.png,17
0026.png,17
0027.png,17
0028.png,17
0029.png,17
0030.png,17
0031.png,17
0032.png,17
0033.png,17
0034.png,17
0035.png,17
0036.png,17
0037.png,17
0038.png,17
0039.png,17
0040.png,17
0041.png,17
0042.png,17
0043.png,17
0044.png,17
0045.png,17
0046.png,17
0047.png,17
0048.png,17
0049.png,17
0050.png,17
0051.png,17
0052.png,17
0053.png,17
0054.png,17
0055.png,17
0056.png,17
0057.png,17
0058.png,17
0059.png,17
0060.png,17
0061.png,17
0062.png,17
0063.png,17
0064.png,17
0065.png,17
0066.png,17
0067.png,17
0068.png,17
0069.png,17
0070.png,17
0071.png,17
0072.png,17
0073.png,17
0074.png,17
0075.png,17
0076.png,17
0077.png,17
0078.png,17
0079.png,17
0080.png,17
0081.png,17
0082.png,17
0083.png,17
0084.png,17
0085.png,17
0086.png,17
0087.png,17
0088.png,17
0089.png,17
0090.png,17
0091.png,17
0092.png,17
0093.png,17
0094.png,17
0095.png,17
0096.png,17
0097.png,17
0098.png,17
0099.png,17
0100.png,17
0101.png,17
0102.png,17
0103.png,17
0104.png,17
0105.png,17
0106.png,17
0107.png,17
0108.png,17
0109.png,17
0110.png,17
0111.png,17
0112.png,17
0113.png,17
0114.png,17
0115.png,17
0116.png,17
0117.png,17
0118.png,17
0119.png,17
0120.png,17
0121.png,17
0122.png,17
0123.png,17
0124.png,17
0125.png,17
0126.png,17
0127.png,17
0128.png,17
0129.png,17
0130.png,17
0131.png,17
0132.png,17
0133.png,17
0134.png,17
0135.png,17
0136.png,17
0137.png,17
0138.png,17
0139.png,17
0140.png,17
0141.png,17
0142.png,17
0143.png,17
0144.png,17
0145.png,17
0146.png,17
0147.png,17
0148.png,17
0149.png,17
0150.png,17
0151.png,17
0152.png,17
0153.png,17
0154.png,17
0155.png,17
0156.png,17
0157.png,17
0158.png,17
0159.png,17
0160.png,17
0161.png,17
0162.png,17
0163.png,17
0164.png,17
0165.png,17
0166.png,17
0167.png,17
0168.png,17
0169.png,17
0170.png,17
0171.png,17
0172.png,17
0173.png,17
0174.png,17
0175.png,17
0176.png,17
0177.png,17
0178.png,17
0179.png,17
0180.png,17
0181.png,17
0182.png,17
0183.png,17
0184.png,17
0185.png,17
0186.png,17
0187.png,17
0188.png,17
0189.png,17
0190.png,17
0191.png,17
0192.png,17
0193.png,17
0194.png,17
0195.png,17
0196.png,17
0197.png,17
0198.png,17
0199.png,17
0200.png,17
0201.png,17
0202.png,17
0203.png,17
0204.png,17
0205.png,17
0206.png,17
0207.png,17
0208.png,17
0209.png,17
0210.png,17
0211.png,17
0212.png,17
0213.png,17
0214.png,17
0000.png,18
0001.png,18
0002.png,18
0003.png,18
0004.png,18
0005.png,18
0006.png,18
0007.png,18
0008.png,18
0009.png,18
0010.png,18
0011.png,18
0012.png,18
0013.png,18
0014.png,18
0015.png,18
0016.png,18
0017.png,18
0018.png,18
0019.png,18
0020.png,18
0021.png,18
0022.png,18
0023.png,18
0024.png,18
0025.png,18
0026.png,18
0027.png,18
0028.png,18
0029.png,18
0030.png,18
0031.png,18
0032.png,18
0033.png,18
0034.png,18
0035.png,18
0036.png,18
0037.png,18
0038.png,18
0039.png,18
0040.png,18
0041.png,18
0042.png,18
0043.png,18
0044.png,18
0045.png,18
0046.png,18
0047.png,18
0048.png,18
0049.png,18
0050.png,18
0051.png,18
0052.png,18
0053.png,18
0054.png,18
0055.png,18
0056.png,18
0057.png,18
0058.png,18
0059.png,18
0060.png,18
0061.png,18
0062.png,18
0063.png,18
0064.png,18
0065.png,18
0066.png,18
0067.png,18
0068.png,18
0069.png,18
0070.png,18
0071.png,18
0072.png,18
0073.png,18
0074.png,18
0075.png,18
0076.png,18
0077.png,18
0078.png,18
0079.png,18
0080.png,18
0081.png,18
0082.png,18
0083.png,18
0084.png,18
0085.png,18
0086.png,18
0087.png,18
0088.png,18
0089.png,18
0090.png,18
0091.png,18
0092.png,18
0093.png,18
0094.png,18
0095.png,18
0096.png,18
0097.png,18
0098.png,18
0099.png,18
0100.png,18
0101.png,18
0102.png,18
0103.png,18
0104.png,18
0105.png,18
0106.png,18
0107.png,18
0108.png,18
0109.png,18
0110.png,18
0111.png,18
0112.png,18
0113.png,18
0114.png,18
0115.png,18
0116.png,18
0117.png,18
0118.png,18
0119.png,18
0120.png,18
0121.png,18
0122.png,18
0123.png,18
0124.png,18
0125.png,18
0126.png,18
0127.png,18
0128.png,18
0129.png,18
0130.png,18
0131.png,18
0132.png,18
0133.png,18
0134.png,18
0135.png,18
0136.png,18
0137.png,18
0138.png,18
0139.png,18
0140.png,18
0141.png,18
0142.png,18
0143.png,18
0144.png,18
0145.png,18
0146.png,18
0147.png,18
0148.png,18
0149.png,18
0150.png,18
0151.png,18
0152.png,18
0153.png,18
0154.png,18
0155.png,18
0156.png,18
0157.png,18
0158.png,18
0159.png,18
0160.png,18
0161.png,18
0162.png,18
0163.png,18
0164.png,18
0165.png,18
0166.png,18
0167.png,18
0168.png,18
0169.png,18
0170.png,18
0171.png,18
0172.png,18
0173.png,18
0174.png,18
0175.png,18
0176.png,18
0177.png,18
0178.png,18
0179.png,18
0180.png,18
0181.png,18
0182.png,18
0183.png,18
0184.png,18
0185.png,18
0186.png,18
0187.png,18
0188.png,18
0189.png,18
0190.png,18
0191.png,18
0192.png,18
0193.png,18
0194.png,18
0195.png,18
0196.png,18
0197.png,18
0198.png,18
0199.png,18
0200.png,18
0201.png,18
0202.png,18
0203.png,18
0204.png,18
0205.png,18
0206.png,18
0207.png,18
0208.png,18
0209.png,18
0210.png,18
0211.png,18
0212.png,18
0213.png,18
0000.png,19
0001.png,19
0002.png,19
0003.png,19
0004.png,19
0005.png,19
0006.png,19
0007.png,19
0008.png,19
0009.png,19
0010.png,19
0011.png,19
0012.png,19
0013.png,19
0014.png,19
0015.png,19
0016.png,19
0017.png,19
0018.png,19
0019.png,19
0020.png,19
0021.png,19
0022.png,19
0023.png,19
0024.png,19
0025.png,19
0026.png,19
0027.png,19
0028.png,19
0029.png,19
0030.png,19
0031.png,19
0032.png,19
0033.png,19
0034.png,19
0035.png,19
0036.png,19
0037.png,19
0038.png,19
0039.png,19
0040.png,19
0041.png,19
0042.png,19
0043.png,19
0044.png,19
0045.png,19
0046.png,19
0047.png,19
0048.png,19
0049.png,19
0050.png,19
0051.png,19
0052.png,19
0053.png,19
0054.png,19
0055.png,19
0056.png,19
0057.png,19
0058.png,19
0059.png,19
0060.png,19
0061.png,19
0062.png,19
0063.png,19
0064.png,19
0065.png,19
0066.png,19
0067.png,19
0068.png,19
0069.png,19
0070.png,19
0071.png,19
0072.png,19
0073.png,19
0074.png,19
0075.png,19
0076.png,19
0077.png,19
0078.png,19
0079.png,19
0080.png,19
0081.png,19
0082.png,19
0083.png,19
0084.png,19
0085.png,19
0086.png,19
0087.png,19
0088.png,19
0089.png,19
0090.png,19
0091.png,19
0092.png,19
0093.png,19
0094.png,19
0095.png,19
0096.png,19
0097.png,19
0098.png,19
0099.png,19
0100.png,19
0101.png,19
0102.png,19
0103.png,19
0104.png,19
0105.png,19
0106.png,19
0107.png,19
0108.png,19
0109.png,19
0110.png,19
0111.png,19
0112.png,19
0113.png,19
0114.png,19
0115.png,19
0116.png,19
0117.png,19
0118.png,19
0119.png,19
0120.png,19
0121.png,19
0122.png,19
0123.png,19
0124.png,19
0125.png,19
0126.png,19
0127.png,19
0128.png,19
0129.png,19
0130.png,19
0131.png,19
0132.png,19
0133.png,19
0134.png,19
0135.png,19
0136.png,19
0137.png,19
0138.png,19
0139.png,19
0140.png,19
0141.png,19
0142.png,19
0143.png,19
0144.png,19
0145.png,19
0146.png,19
0147.png,19
0148.png,19
0149.png,19
0150.png,19
0151.png,19
0152.png,19
0153.png,19
0154.png,19
0155.png,19
0156.png,19
0157.png,19
0158.png,19
0159.png,19
0160.png,19
0161.png,19
0162.png,19
0163.png,19
0164.png,19
0165.png,19
0166.png,19
0167.png,19
0168.png,19
0169.png,19
0170.png,19
0171.png,19
0172.png,19
0173.png,19
0174.png,19
0175.png,19
0176.png,19
0177.png,19
0178.png,19
0179.png,19
0180.png,19
0181.png,19
0182.png,19
0183.png,19
0184.png,19
0185.png,19
0186.png,19
0187.png,19
0188.png,19
0189.png,19
0190.png,19
0191.png,19
0192.png,19
0193.png,19
0194.png,19
0195.png,19
0196.png,19
0197.png,19
0198.png,19
0199.png,19
0200.png,19
0000.png,2
0001.png,2
0002.png,2
0003.png,2
0004.png,2
0005.png,2
0006.png,2
0007.png,2
0008.png,2
0009.png,2
0010.png,2
0011.png,2
0012.png,2
0013.png,2
0014.png,2
0015.png,2
0016.png,2
0017.png,2
0018.png,2
0019.png,2
0020.png,2
0021.png,2
0022.png,2
0023.png,2
0024.png,2
0025.png,2
0026.png,2
0027.png,2
0028.png,2
0029.png,2
0030.png,2
0031.png,2
0032.png,2
0033.png,2
0034.png,2
0035.png,2
0036.png,2
0037.png,2
0038.png,2
0039.png,2
0040.png,2
0041.png,2
0042.png,2
0043.png,2
0044.png,2
0045.png,2
0046.png,2
0047.png,2
0048.png,2
0049.png,2
0050.png,2
0051.png,2
0052.png,2
0053.png,2
0054.png,2
0055.png,2
0056.png,2
0057.png,2
0058.png,2
0059.png,2
0060.png,2
0061.png,2
0062.png,2
0063.png,2
0064.png,2
0065.png,2
0066.png,2
0067.png,2
0068.png,2
0069.png,2
0070.png,2
0071.png,2
0072.png,2
0073.png,2
0074.png,2
0075.png,2
0076.png,2
0077.png,2
0078.png,2
0079.png,2
0080.png,2
0081.png,2
0082.png,2
0083.png,2
0084.png,2
0085.png,2
0086.png,2
0087.png,2
0088.png,2
0089.png,2
0090.png,2
0091.png,2
0092.png,2
0093.png,2
0094.png,2
0095.png,2
0096.png,2
0097.png,2
0098.png,2
0099.png,2
0100.png,2
0101.png,2
0102.png,2
0103.png,2
0104.png,2
0105.png,2
0106.png,2
0107.png,2
0108.png,2
0109.png,2
0110.png,2
0111.png,2
0112.png,2
0113.png,2
0114.png,2
0115.png,2
0116.png,2
0117.png,2
0118.png,2
0119.png,2
0120.png,2
0121.png,2
0122.png,2
0123.png,2
0124.png,2
0125.png,2
0126.png,2
0127.png,2
0128.png,2
0129.png,2
0130.png,2
0131.png,2
0132.png,2
0133.png,2
0134.png,2
0135.png,2
0136.png,2
0137.png,2
0138.png,2
0139.png,2
0140.png,2
0141.png,2
0142.png,2
0143.png,2
0144.png,2
0145.png,2
0146.png,2
0147.png,2
0148.png,2
0149.png,2
0150.png,2
0151.png,2
0152.png,2
0153.png,2
0154.png,2
0155.png,2
0156.png,2
0157.png,2
0158.png,2
0159.png,2
0160.png,2
0161.png,2
0162.png,2
0163.png,2
0164.png,2
0165.png,2
0166.png,2
0167.png,2
0168.png,2
0169.png,2
0170.png,2
0171.png,2
0172.png,2
0173.png,2
0174.png,2
0175.png,2
0176.png,2
0177.png,2
0178.png,2
0179.png,2
0180.png,2
0181.png,2
0182.png,2
0183.png,2
0184.png,2
0185.png,2
0186.png,2
0187.png,2
0188.png,2
0189.png,2
0190.png,2
0191.png,2
0192.png,2
0193.png,2
0194.png,2
0195.png,2
0196.png,2
0197.png,2
0198.png,2
0199.png,2
0200.png,2
0201.png,2
0202.png,2
0203.png,2
0204.png,2
0205.png,2
0206.png,2
0207.png,2
0208.png,2
0209.png,2
0210.png,2
0211.png,2
0212.png,2
0213.png,2
0214.png,2
0215.png,2
0216.png,2
0217.png,2
0218.png,2
0219.png,2
0220.png,2
0221.png,2
0222.png,2
0223.png,2
0224.png,2
0225.png,2
0226.png,2
0227.png,2
0228.png,2
0229.png,2
0230.png,2
0231.png,2
0232.png,2
0233.png,2
0234.png,2
0235.png,2
0236.png,2
0237.png,2
0238.png,2
0239.png,2
0240.png,2
0241.png,2
0242.png,2
0243.png,2
0244.png,2
0245.png,2
0246.png,2
0247.png,2
0248.png,2
0249.png,2
0250.png,2
0251.png,2
0252.png,2
0253.png,2
0254.png,2
0255.png,2
0256.png,2
0257.png,2
0258.png,2
0259.png,2
0260.png,2
0261.png,2
0262.png,2
0263.png,2
0264.png,2
0265.png,2
0266.png,2
0267.png,2
0268.png,2
0000.png,20
0001.png,20
0002.png,20
0003.png,20
0004.png,20
0005.png,20
0006.png,20
0007.png,20
0008.png,20
0009.png,20
0010.png,20
0011.png,20
0012.png,20
0013.png,20
0014.png,20
0015.png,20
0016.png,20
0017.png,20
0018.png,20
0019.png,20
0020.png,20
0021.png,20
0022.png,20
0023.png,20
0024.png,20
0025.png,20
0026.png,20
0027.png,20
0028.png,20
0029.png,20
0030.png,20
0031.png,20
0032.png,20
0033.png,20
0034.png,20
0035.png,20
0036.png,20
0037.png,20
0038.png,20
0039.png,20
0040.png,20
0041.png,20
0042.png,20
0043.png,20
0044.png,20
0045.png,20
0046.png,20
0047.png,20
0048.png,20
0049.png,20
0050.png,20
0051.png,20
0052.png,20
0053.png,20
0054.png,20
0055.png,20
0056.png,20
0057.png,20
0058.png,20
0059.png,20
0060.png,20
0061.png,20
0062.png,20
0063.png,20
0064.png,20
0065.png,20
0066.png,20
0067.png,20
0068.png,20
0069.png,20
0070.png,20
0071.png,20
0072.png,20
0073.png,20
0074.png,20
0075.png,20
0076.png,20
0077.png,20
0078.png,20
0079.png,20
0080.png,20
0081.png,20
0082.png,20
0083.png,20
0084.png,20
0085.png,20
0086.png,20
0087.png,20
0088.png,20
0089.png,20
0090.png,20
0091.png,20
0092.png,20
0093.png,20
0094.png,20
0095.png,20
0096.png,20
0097.png,20
0098.png,20
0099.png,20
0100.png,20
0101.png,20
0102.png,20
0103.png,20
0104.png,20
0105.png,20
0106.png,20
0107.png,20
0108.png,20
0109.png,20
0110.png,20
0111.png,20
0112.png,20
0113.png,20
0114.png,20
0115.png,20
0116.png,20
0117.png,20
0118.png,20
0119.png,20
0120.png,20
0121.png,20
0122.png,20
0123.png,20
0124.png,20
0125.png,20
0126.png,20
0127.png,20
0128.png,20
0129.png,20
0130.png,20
0131.png,20
0132.png,20
0133.png,20
0134.png,20
0135.png,20
0136.png,20
0137.png,20
0138.png,20
0139.png,20
0140.png,20
0141.png,20
0142.png,20
0143.png,20
0144.png,20
0145.png,20
0146.png,20
0147.png,20
0148.png,20
0149.png,20
0150.png,20
0151.png,20
0152.png,20
0153.png,20
0154.png,20
0155.png,20
0156.png,20
0157.png,20
0158.png,20
0159.png,20
0160.png,20
0161.png,20
0162.png,20
0163.png,20
0164.png,20
0165.png,20
0166.png,20
0167.png,20
0168.png,20
0169.png,20
0170.png,20
0171.png,20
0172.png,20
0173.png,20
0174.png,20
0175.png,20
0176.png,20
0177.png,20
0178.png,20
0179.png,20
0180.png,20
0181.png,20
0182.png,20
0183.png,20
0184.png,20
0185.png,20
0186.png,20
0187.png,20
0188.png,20
0189.png,20
0190.png,20
0191.png,20
0192.png,20
0193.png,20
0194.png,20
0195.png,20
0196.png,20
0197.png,20
0198.png,20
0199.png,20
0200.png,20
0201.png,20
0202.png,20
0203.png,20
0204.png,20
0205.png,20
0206.png,20
0207.png,20
0208.png,20
0209.png,20
0210.png,20
0211.png,20
0212.png,20
0213.png,20
0214.png,20
0215.png,20
0216.png,20
0217.png,20
0000.png,3
0001.png,3
0002.png,3
0003.png,3
0004.png,3
0005.png,3
0006.png,3
0007.png,3
0008.png,3
0009.png,3
0010.png,3
0011.png,3
0012.png,3
0013.png,3
0014.png,3
0015.png,3
0016.png,3
0017.png,3
0018.png,3
0019.png,3
0020.png,3
0021.png,3
0022.png,3
0023.png,3
0024.png,3
0025.png,3
0026.png,3
0027.png,3
0028.png,3
0029.png,3
0030.png,3
0031.png,3
0032.png,3
0033.png,3
0034.png,3
0035.png,3
0036.png,3
0037.png,3
0038.png,3
0039.png,3
0040.png,3
0041.png,3
0042.png,3
0043.png,3
0044.png,3
0045.png,3
0046.png,3
0047.png,3
0048.png,3
0049.png,3
0050.png,3
0051.png,3
0052.png,3
0053.png,3
0054.png,3
0055.png,3
0056.png,3
0057.png,3
0058.png,3
0059.png,3
0060.png,3
0061.png,3
0062.png,3
0063.png,3
0064.png,3
0065.png,3
0066.png,3
0067.png,3
0068.png,3
0069.png,3
0070.png,3
0071.png,3
0072.png,3
0073.png,3
0074.png,3
0075.png,3
0076.png,3
0077.png,3
0078.png,3
0079.png,3
0080.png,3
0081.png,3
0082.png,3
0083.png,3
0084.png,3
0085.png,3
0086.png,3
0087.png,3
0088.png,3
0089.png,3
0090.png,3
0091.png,3
0092.png,3
0093.png,3
0094.png,3
0095.png,3
0096.png,3
0097.png,3
0098.png,3
0099.png,3
0100.png,3
0101.png,3
0102.png,3
0103.png,3
0104.png,3
0105.png,3
0106.png,3
0107.png,3
0108.png,3
0109.png,3
0110.png,3
0111.png,3
0112.png,3
0113.png,3
0114.png,3
0115.png,3
0116.png,3
0117.png,3
0118.png,3
0119.png,3
0120.png,3
0121.png,3
0122.png,3
0123.png,3
0124.png,3
0125.png,3
0126.png,3
0127.png,3
0128.png,3
0129.png,3
0130.png,3
0131.png,3
0132.png,3
0133.png,3
0134.png,3
0135.png,3
0136.png,3
0137.png,3
0138.png,3
0139.png,3
0140.png,3
0141.png,3
0142.png,3
0143.png,3
0144.png,3
0145.png,3
0146.png,3
0147.png,3
0148.png,3
0149.png,3
0150.png,3
0151.png,3
0152.png,3
0153.png,3
0154.png,3
0155.png,3
0156.png,3
0157.png,3
0158.png,3
0159.png,3
0160.png,3
0161.png,3
0162.png,3
0163.png,3
0164.png,3
0165.png,3
0166.png,3
0167.png,3
0168.png,3
0169.png,3
0170.png,3
0171.png,3
0172.png,3
0173.png,3
0174.png,3
0175.png,3
0176.png,3
0177.png,3
0178.png,3
0179.png,3
0180.png,3
0181.png,3
0182.png,3
0183.png,3
0184.png,3
0185.png,3
0186.png,3
0187.png,3
0188.png,3
0189.png,3
0190.png,3
0191.png,3
0192.png,3
0193.png,3
0194.png,3
0195.png,3
0196.png,3
0197.png,3
0198.png,3
0199.png,3
0200.png,3
0201.png,3
0202.png,3
0000.png,4
0001.png,4
0002.png,4
0003.png,4
0004.png,4
0005.png,4
0006.png,4
0007.png,4
0008.png,4
0009.png,4
0010.png,4
0011.png,4
0012.png,4
0013.png,4
0014.png,4
0015.png,4
0016.png,4
0017.png,4
0018.png,4
0019.png,4
0020.png,4
0021.png,4
0022.png,4
0023.png,4
0024.png,4
0025.png,4
0026.png,4
0027.png,4
0028.png,4
0029.png,4
0030.png,4
0031.png,4
0032.png,4
0033.png,4
0034.png,4
0035.png,4
0036.png,4
0037.png,4
0038.png,4
0039.png,4
0040.png,4
0041.png,4
0042.png,4
0043.png,4
0044.png,4
0045.png,4
0046.png,4
0047.png,4
0048.png,4
0049.png,4
0050.png,4
0051.png,4
0052.png,4
0053.png,4
0054.png,4
0055.png,4
0056.png,4
0057.png,4
0058.png,4
0059.png,4
0060.png,4
0061.png,4
0062.png,4
0063.png,4
0064.png,4
0065.png,4
0066.png,4
0067.png,4
0068.png,4
0069.png,4
0070.png,4
0071.png,4
0072.png,4
0073.png,4
0074.png,4
0075.png,4
0076.png,4
0077.png,4
0078.png,4
0079.png,4
0080.png,4
0081.png,4
0082.png,4
0083.png,4
0084.png,4
0085.png,4
0086.png,4
0087.png,4
0088.png,4
0089.png,4
0090.png,4
0091.png,4
0092.png,4
0093.png,4
0094.png,4
0095.png,4
0096.png,4
0097.png,4
0098.png,4
0099.png,4
0100.png,4
0101.png,4
0102.png,4
0103.png,4
0104.png,4
0105.png,4
0106.png,4
0107.png,4
0108.png,4
0109.png,4
0110.png,4
0111.png,4
0112.png,4
0113.png,4
0114.png,4
0115.png,4
0116.png,4
0117.png,4
0118.png,4
0119.png,4
0120.png,4
0121.png,4
0122.png,4
0123.png,4
0124.png,4
0125.png,4
0126.png,4
0127.png,4
0128.png,4
0129.png,4
0130.png,4
0131.png,4
0132.png,4
0133.png,4
0134.png,4
0135.png,4
0136.png,4
0137.png,4
0138.png,4
0139.png,4
0140.png,4
0141.png,4
0142.png,4
0143.png,4
0144.png,4
0145.png,4
0146.png,4
0147.png,4
0148.png,4
0149.png,4
0150.png,4
0151.png,4
0152.png,4
0153.png,4
0154.png,4
0155.png,4
0156.png,4
0157.png,4
0158.png,4
0159.png,4
0160.png,4
0161.png,4
0162.png,4
0163.png,4
0164.png,4
0165.png,4
0166.png,4
0167.png,4
0168.png,4
0169.png,4
0170.png,4
0171.png,4
0172.png,4
0173.png,4
0174.png,4
0175.png,4
0176.png,4
0177.png,4
0178.png,4
0179.png,4
0180.png,4
0181.png,4
0182.png,4
0183.png,4
0184.png,4
0185.png,4
0186.png,4
0187.png,4
0188.png,4
0189.png,4
0190.png,4
0191.png,4
0192.png,4
0193.png,4
0194.png,4
0195.png,4
0196.png,4
0197.png,4
0198.png,4
0199.png,4
0200.png,4
0201.png,4
0202.png,4
0203.png,4
0204.png,4
0205.png,4
0206.png,4
0207.png,4
0208.png,4
0209.png,4
0210.png,4
0211.png,4
0212.png,4
0213.png,4
0214.png,4
0215.png,4
0216.png,4
0217.png,4
0218.png,4
0219.png,4
0000.png,5
0001.png,5
0002.png,5
0003.png,5
0004.png,5
0005.png,5
0006.png,5
0007.png,5
0008.png,5
0009.png,5
0010.png,5
0011.png,5
0012.png,5
0013.png,5
0014.png,5
0015.png,5
0016.png,5
0017.png,5
0018.png,5
0019.png,5
0020.png,5
0021.png,5
0022.png,5
0023.png,5
0024.png,5
0025.png,5
0026.png,5
0027.png,5
0028.png,5
0029.png,5
0030.png,5
0031.png,5
0032.png,5
0033.png,5
0034.png,5
0035.png,5
0036.png,5
0037.png,5
0038.png,5
0039.png,5
0040.png,5
0041.png,5
0042.png,5
0043.png,5
0044.png,5
0045.png,5
0046.png,5
0047.png,5
0048.png,5
0049.png,5
0050.png,5
0051.png,5
0052.png,5
0053.png,5
0054.png,5
0055.png,5
0056.png,5
0057.png,5
0058.png,5
0059.png,5
0060.png,5
0061.png,5
0062.png,5
0063.png,5
0064.png,5
0065.png,5
0066.png,5
0067.png,5
0068.png,5
0069.png,5
0070.png,5
0071.png,5
0072.png,5
0073.png,5
0074.png,5
0075.png,5
0076.png,5
0077.png,5
0078.png,5
0079.png,5
0080.png,5
0081.png,5
0082.png,5
0083.png,5
0084.png,5
0085.png,5
0086.png,5
0087.png,5
0088.png,5
0089.png,5
0090.png,5
0091.png,5
0092.png,5
0093.png,5
0094.png,5
0095.png,5
0096.png,5
0097.png,5
0098.png,5
0099.png,5
0100.png,5
0101.png,5
0102.png,5
0103.png,5
0104.png,5
0105.png,5
0106.png,5
0107.png,5
0108.png,5
0109.png,5
0110.png,5
0111.png,5
0112.png,5
0113.png,5
0114.png,5
0115.png,5
0116.png,5
0117.png,5
0118.png,5
0119.png,5
0120.png,5
0121.png,5
0122.png,5
0123.png,5
0124.png,5
0125.png,5
0126.png,5
0127.png,5
0128.png,5
0129.png,5
0130.png,5
0131.png,5
0132.png,5
0133.png,5
0134.png,5
0135.png,5
0136.png,5
0137.png,5
0138.png,5
0139.png,5
0140.png,5
0141.png,5
0142.png,5
0143.png,5
0144.png,5
0145.png,5
0146.png,5
0147.png,5
0148.png,5
0149.png,5
0150.png,5
0151.png,5
0000.png,6
0001.png,6
0002.png,6
0003.png,6
0004.png,6
0005.png,6
0006.png,6
0007.png,6
0008.png,6
0009.png,6
0010.png,6
0011.png,6
0012.png,6
0013.png,6
0014.png,6
0015.png,6
0016.png,6
0017.png,6
0018.png,6
0019.png,6
0020.png,6
0021.png,6
0022.png,6
0023.png,6
0024.png,6
0025.png,6
0026.png,6
0027.png,6
0028.png,6
0029.png,6
0030.png,6
0031.png,6
0032.png,6
0033.png,6
0034.png,6
0035.png,6
0036.png,6
0037.png,6
0038.png,6
0039.png,6
0040.png,6
0041.png,6
0042.png,6
0043.png,6
0044.png,6
0045.png,6
0046.png,6
0047.png,6
0048.png,6
0049.png,6
0050.png,6
0051.png,6
0052.png,6
0053.png,6
0054.png,6
0055.png,6
0056.png,6
0057.png,6
0058.png,6
0059.png,6
0060.png,6
0061.png,6
0062.png,6
0063.png,6
0064.png,6
0065.png,6
0066.png,6
0067.png,6
0068.png,6
0069.png,6
0070.png,6
0071.png,6
0072.png,6
0073.png,6
0074.png,6
0075.png,6
0076.png,6
0077.png,6
0078.png,6
0079.png,6
0080.png,6
0081.png,6
0082.png,6
0083.png,6
0084.png,6
0085.png,6
0086.png,6
0087.png,6
0088.png,6
0089.png,6
0090.png,6
0091.png,6
0092.png,6
0093.png,6
0094.png,6
0095.png,6
0096.png,6
0097.png,6
0098.png,6
0099.png,6
0100.png,6
0101.png,6
0102.png,6
0103.png,6
0104.png,6
0105.png,6
0106.png,6
0107.png,6
0108.png,6
0109.png,6
0110.png,6
0111.png,6
0112.png,6
0113.png,6
0114.png,6
0115.png,6
0116.png,6
0117.png,6
0118.png,6
0119.png,6
0120.png,6
0121.png,6
0122.png,6
0123.png,6
0124.png,6
0125.png,6
0126.png,6
0127.png,6
0128.png,6
0129.png,6
0130.png,6
0131.png,6
0132.png,6
0133.png,6
0134.png,6
0135.png,6
0136.png,6
0137.png,6
0138.png,6
0139.png,6
0140.png,6
0141.png,6
0142.png,6
0143.png,6
0144.png,6
0145.png,6
0146.png,6
0147.png,6
0148.png,6
0149.png,6
0150.png,6
0151.png,6
0152.png,6
0153.png,6
0154.png,6
0155.png,6
0156.png,6
0157.png,6
0158.png,6
0159.png,6
0160.png,6
0161.png,6
0162.png,6
0163.png,6
0164.png,6
0165.png,6
0166.png,6
0167.png,6
0168.png,6
0169.png,6
0170.png,6
0171.png,6
0172.png,6
0173.png,6
0174.png,6
0175.png,6
0176.png,6
0177.png,6
0178.png,6
0179.png,6
0180.png,6
0181.png,6
0182.png,6
0183.png,6
0184.png,6
0185.png,6
0186.png,6
0187.png,6
0188.png,6
0189.png,6
0190.png,6
0000.png,7
0001.png,7
0002.png,7
0003.png,7
0004.png,7
0005.png,7
0006.png,7
0007.png,7
0008.png,7
0009.png,7
0010.png,7
0011.png,7
0012.png,7
0013.png,7
0014.png,7
0015.png,7
0016.png,7
0017.png,7
0018.png,7
0019.png,7
0020.png,7
0021.png,7
0022.png,7
0023.png,7
0024.png,7
0025.png,7
0026.png,7
0027.png,7
0028.png,7
0029.png,7
0030.png,7
0031.png,7
0032.png,7
0033.png,7
0034.png,7
0035.png,7
0036.png,7
0037.png,7
0038.png,7
0039.png,7
0040.png,7
0041.png,7
0042.png,7
0043.png,7
0044.png,7
0045.png,7
0046.png,7
0047.png,7
0048.png,7
0049.png,7
0050.png,7
0051.png,7
0052.png,7
0053.png,7
0054.png,7
0055.png,7
0056.png,7
0057.png,7
0058.png,7
0059.png,7
0060.png,7
0061.png,7
0062.png,7
0063.png,7
0064.png,7
0065.png,7
0066.png,7
0067.png,7
0068.png,7
0069.png,7
0070.png,7
0071.png,7
0072.png,7
0073.png,7
0074.png,7
0075.png,7
0076.png,7
0077.png,7
0078.png,7
0079.png,7
0080.png,7
0081.png,7
0082.png,7
0083.png,7
0084.png,7
0085.png,7
0086.png,7
0087.png,7
0088.png,7
0089.png,7
0090.png,7
0091.png,7
0092.png,7
0093.png,7
0094.png,7
0095.png,7
0096.png,7
0097.png,7
0098.png,7
0099.png,7
0100.png,7
0101.png,7
0102.png,7
0103.png,7
0104.png,7
0105.png,7
0106.png,7
0107.png,7
0108.png,7
0109.png,7
0110.png,7
0111.png,7
0112.png,7
0113.png,7
0114.png,7
0115.png,7
0116.png,7
0117.png,7
0118.png,7
0119.png,7
0120.png,7
0121.png,7
0122.png,7
0123.png,7
0124.png,7
0125.png,7
0126.png,7
0127.png,7
0128.png,7
0129.png,7
0130.png,7
0131.png,7
0132.png,7
0133.png,7
0134.png,7
0135.png,7
0136.png,7
0137.png,7
0138.png,7
0139.png,7
0140.png,7
0141.png,7
0142.png,7
0143.png,7
0144.png,7
0145.png,7
0146.png,7
0147.png,7
0148.png,7
0149.png,7
0150.png,7
0151.png,7
0152.png,7
0153.png,7
0154.png,7
0155.png,7
0156.png,7
0157.png,7
0158.png,7
0159.png,7
0160.png,7
0161.png,7
0162.png,7
0163.png,7
0164.png,7
0165.png,7
0166.png,7
0167.png,7
0168.png,7
0169.png,7
0170.png,7
0171.png,7
0172.png,7
0173.png,7
0174.png,7
0175.png,7
0176.png,7
0177.png,7
0178.png,7
0179.png,7
0180.png,7
0181.png,7
0182.png,7
0183.png,7
0184.png,7
0185.png,7
0186.png,7
0187.png,7
0188.png,7
0189.png,7
0190.png,7
0191.png,7
0192.png,7
0193.png,7
0194.png,7
0195.png,7
0196.png,7
0197.png,7
0198.png,7
0199.png,7
0200.png,7
0201.png,7
0202.png,7
0203.png,7
0204.png,7
0205.png,7
0206.png,7
0207.png,7
0208.png,7
0209.png,7
0210.png,7
0211.png,7
0212.png,7
0213.png,7
0214.png,7
0215.png,7
0216.png,7
0217.png,7
0218.png,7
0219.png,7
0220.png,7
0221.png,7
0222.png,7
0223.png,7
0224.png,7
0225.png,7
0226.png,7
0227.png,7
0228.png,7
0229.png,7
0230.png,7
0231.png,7
0232.png,7
0233.png,7
0234.png,7
0235.png,7
0236.png,7
0237.png,7
0238.png,7
0239.png,7
0000.png,8
0001.png,8
0002.png,8
0003.png,8
0004.png,8
0005.png,8
0006.png,8
0007.png,8
0008.png,8
0009.png,8
0010.png,8
0011.png,8
0012.png,8
0013.png,8
0014.png,8
0015.png,8
0016.png,8
0017.png,8
0018.png,8
0019.png,8
0020.png,8
0021.png,8
0022.png,8
0023.png,8
0024.png,8
0025.png,8
0026.png,8
0027.png,8
0028.png,8
0029.png,8
0030.png,8
0031.png,8
0032.png,8
0033.png,8
0034.png,8
0035.png,8
0036.png,8
0037.png,8
0038.png,8
0039.png,8
0040.png,8
0041.png,8
0042.png,8
0043.png,8
0044.png,8
0045.png,8
0046.png,8
0047.png,8
0048.png,8
0049.png,8
0050.png,8
0051.png,8
0052.png,8
0053.png,8
0054.png,8
0055.png,8
0056.png,8
0057.png,8
0058.png,8
0059.png,8
0060.png,8
0061.png,8
0062.png,8
0063.png,8
0064.png,8
0065.png,8
0066.png,8
0067.png,8
0068.png,8
0069.png,8
0070.png,8
0071.png,8
0072.png,8
0073.png,8
0074.png,8
0075.png,8
0076.png,8
0077.png,8
0078.png,8
0079.png,8
0080.png,8
0081.png,8
0082.png,8
0083.png,8
0084.png,8
0085.png,8
0086.png,8
0087.png,8
0088.png,8
0089.png,8
0090.png,8
0091.png,8
0092.png,8
0093.png,8
0094.png,8
0095.png,8
0096.png,8
0097.png,8
0098.png,8
0099.png,8
0100.png,8
0101.png,8
0102.png,8
0103.png,8
0104.png,8
0105.png,8
0106.png,8
0107.png,8
0108.png,8
0109.png,8
0110.png,8
0111.png,8
0112.png,8
0113.png,8
0114.png,8
0115.png,8
0116.png,8
0117.png,8
0118.png,8
0119.png,8
0120.png,8
0121.png,8
0122.png,8
0123.png,8
0124.png,8
0125.png,8
0126.png,8
0127.png,8
0128.png,8
0129.png,8
0130.png,8
0131.png,8
0132.png,8
0133.png,8
0134.png,8
0135.png,8
0136.png,8
0137.png,8
0138.png,8
0139.png,8
0140.png,8
0141.png,8
0142.png,8
0143.png,8
0144.png,8
0145.png,8
0146.png,8
0147.png,8
0148.png,8
0149.png,8
0150.png,8
0151.png,8
0152.png,8
0153.png,8
0154.png,8
0155.png,8
0156.png,8
0157.png,8
0158.png,8
0159.png,8
0160.png,8
0161.png,8
0162.png,8
0163.png,8
0164.png,8
0165.png,8
0166.png,8
0167.png,8
0168.png,8
0169.png,8
0170.png,8
0171.png,8
0172.png,8
0173.png,8
0174.png,8
0175.png,8
0176.png,8
0177.png,8
0178.png,8
0179.png,8
0180.png,8
0181.png,8
0182.png,8
0183.png,8
0184.png,8
0185.png,8
0186.png,8
0187.png,8
0188.png,8
0189.png,8
0190.png,8
0191.png,8
0192.png,8
0193.png,8
0194.png,8
0195.png,8
0196.png,8
0197.png,8
0198.png,8
0199.png,8
0200.png,8
0201.png,8
0202.png,8
0203.png,8
0204.png,8
0205.png,8
0206.png,8
0207.png,8
0208.png,8
0209.png,8
0210.png,8
0211.png,8
0212.png,8
0213.png,8
0000.png,9
0001.png,9
0002.png,9
0003.png,9
0004.png,9
0005.png,9
0006.png,9
0007.png,9
0008.png,9
0009.png,9
0010.png,9
0011.png,9
0012.png,9
0013.png,9
0014.png,9
0015.png,9
0016.png,9
0017.png,9
0018.png,9
0019.png,9
0020.png,9
0021.png,9
0022.png,9
0023.png,9
0024.png,9
0025.png,9
0026.png,9
0027.png,9
0028.png,9
0029.png,9
0030.png,9
0031.png,9
0032.png,9
0033.png,9
0034.png,9
0035.png,9
0036.png,9
0037.png,9
0038.png,9
0039.png,9
0040.png,9
0041.png,9
0042.png,9
0043.png,9
0044.png,9
0045.png,9
0046.png,9
0047.png,9
0048.png,9
0049.png,9
0050.png,9
0051.png,9
0052.png,9
0053.png,9
0054.png,9
0055.png,9
0056.png,9
0057.png,9
0058.png,9
0059.png,9
0060.png,9
0061.png,9
0062.png,9
0063.png,9
0064.png,9
0065.png,9
0066.png,9
0067.png,9
0068.png,9
0069.png,9
0070.png,9
0071.png,9
0072.png,9
0073.png,9
0074.png,9
0075.png,9
0076.png,9
0077.png,9
0078.png,9
0079.png,9
0080.png,9
0081.png,9
0082.png,9
0083.png,9
0084.png,9
0085.png,9
0086.png,9
0087.png,9
0088.png,9
0089.png,9
0090.png,9
0091.png,9
0092.png,9
0093.png,9
0094.png,9
0095.png,9
0096.png,9
0097.png,9
0098.png,9
0099.png,9
0100.png,9
0101.png,9
0102.png,9
0103.png,9
0104.png,9
0105.png,9
0106.png,9
0107.png,9
0108.png,9
0109.png,9
0110.png,9
0111.png,9
0112.png,9
0113.png,9
0114.png,9
0115.png,9
0116.png,9
0117.png,9
0118.png,9
0119.png,9
0120.png,9
0121.png,9
0122.png,9
0123.png,9
0124.png,9
0125.png,9
0126.png,9
0127.png,9
0128.png,9
0129.png,9
0130.png,9
0131.png,9
0132.png,9
0133.png,9
0134.png,9
0135.png,9
0136.png,9
0137.png,9
0138.png,9
0139.png,9
0140.png,9
0141.png,9
0142.png,9
0143.png,9
0144.png,9
0145.png,9
0146.png,9
0147.png,9
0148.png,9
0149.png,9
0150.png,9
0151.png,9
0152.png,9
0153.png,9
0154.png,9
0155.png,9
0156.png,9
0157.png,9
0158.png,9
0159.png,9
0160.png,9
0161.png,9
0162.png,9
0163.png,9
0164.png,9
0165.png,9
0166.png,9
0167.png,9
0168.png,9
0169.png,9
0170.png,9
0171.png,9
0172.png,9
0173.png,9
0174.png,9
0175.png,9
0176.png,9
0177.png,9
0178.png,9
0179.png,9
0180.png,9
0181.png,9
0182.png,9
0183.png,9
0184.png,9
0185.png,9
0186.png,9
0187.png,9
0188.png,9
0189.png,9
0190.png,9
0191.png,9
0192.png,9
0193.png,9
0194.png,9
0195.png,9
0196.png,9
0197.png,9
0198.png,9
0199.png,9
0200.png,9
0201.png,9
0202.png,9
0203.png,9
0204.png,9
0205.png,9
0206.png,9
0207.png,9
0208.png,9
0209.png,9
0210.png,9
0211.png,9
0212.png,9
0213.png,9
